# Name,    Type, SubType,  Offset,   Size,    Flags
# 16 MB flash. The coredump partition is what makes the panic handler useful: the
# Arduino core is built with CONFIG_ESP_COREDUMP_ENABLE_TO_FLASH=y, so without a
# partition every crash dump is silently discarded. It costs 64 kB taken from the
# filesystem.
# NOTE: shrinking the FS partition means the existing LittleFS image no longer
# matches and has to be re-uploaded (`pio run -t uploadfs`). NVS keeps its offset
# and size, so the encrypted secrets (WiFi, Telegram, MQTT) survive.
nvs,       data, nvs,      0x9000,   0x5000,
otadata,   data, ota,      0xE000,   0x2000,
app0,      app,  ota_0,    0x10000,  0x300000,
app1,      app,  ota_1,    0x310000, 0x300000,
spiffs,    data, spiffs,   0x610000, 0x9E0000,
coredump,  data, coredump, 0xFF0000, 0x10000,
